ID,First Name,Family Name,Gender
1,فيصل (Faisal),النبهاني (Nabhani),Male
2,نهى (Noha),النبهاني (Nabhani),Female
3,منى (Muna),الغامدي (Ghamdi),Female
4,عبد الغني (Abdul Ghani),المزروعي (Mazroui),Male
5,نجوى (Najwa),الطبراني (Tabarani),Female
6,حنان (Hanan),البليهي (Blahe),Female
7,سهيل (Suhail),المكي (Maki),Male
8,عبد القدوس (Abdul Quddus),الطرابلسي (Trabelsi),Male
9,سليمان (Suleiman),المعمر (Muammar),Male
10,نسرين (Nisreen),اللبناني (Lebnani),Female
11,مريم (Maryam),العباسي (Abbasi),Female
12,فرح (Farah),الأشقر (Ashqar),Female
13,جميل (Jameel),الشبرمي (Shabrami),Male
14,وحيد (Waheed),النجدي (Najdi),Male
15,عليا (Aliya),الشحي (Shahi),Female
16,فارس (Faris),الفاسي (Fassi),Male
17,عبد الله (Abdullah),النجدي (Najdi),Male
18,معاذ (Muadh),الحسني (Hassani),Male
19,أماني (Amani),الجزائري (Jazaeri),Female
20,هناء (Hanaa),الجريري (Jariri),Female
21,منى (Muna),السيد (Sayyid),Female
22,رامي (Rami),المطيري (Motairy),Male
23,هيثم (Haitham),المصري (Masri),Male
24,لبنى (Lubna),الأشقر (Ashqar),Female
25,جميل (Jameel),الجريري (Jariri),Male
26,إلهام (Elham),المزني (Mazni),Female
27,ليلى (Layla),الخزعلي (Khazali),Female
28,بتول (Batool),الراشدي (Rashidi),Female
29,نوال (Nawal),الدوسري (Dossary),Female
30,ميساء (Maysa),القحطاني (Qahtani),Female
31,عائشة (Aisha),الفلاسي (Falasi),Female
32,منصور (Mansoor),الدوسري (Dossary),Male
33,خلود (Kholoud),البغدادي (Baghdadi),Female
34,قاسم (Qasim),النقشبندي (Naqshbandi),Male
35,ريحانة (Rihana),البصري (Basri),Female
36,ريحانة (Rihana),الشاطري (Shatiri),Female
37,هشام (Hisham),الدعجاني (Dajjani),Male
38,نور (Noor),الجريري (Jariri),Female
39,فايز (Faiz),المراكشي (Marakshi),Male
40,جنان (Janan),المقدسي (Maqdisi),Female
41,معاذ (Muadh),الراشدي (Rashidi),Male
42,نهى (Noha),النجدي (Najdi),Female
43,رشيد (Rashid),الماجد (Majid),Male
44,هناء (Hanaa),المدني (Madani),Female
45,مها (Maha),السعودي (Saoudi),Female
46,زينب (Zainab),المعمر (Muammar),Female
47,نور (Noor),المعري (Maarri),Female
48,مالك (Malik),الشحي (Shahi),Male
49,عبد الغني (Abdul Ghani),المغربي (Maghribi),Male
50,إيمان (Iman),البغدادي (Baghdadi),Female
51,جواد (Jawad),المقرن (Mogren),Male
52,ليلى (Layla),المزني (Mazni),Female
53,هند (Hind),اليمني (Yemeni),Female
54,أمين (Ameen),الشحي (Shahi),Male
55,أديب (Adeeb),النبهاني (Nabhani),Male
56,جواد (Jawad),السباعي (Sabai),Male
57,إلهام (Elham),الطرابلسي (Trabelsi),Female
58,هشام (Hisham),التميمي (Tamimi),Male
59,عبد الودود (Abdul Wadood),الحسني (Hassani),Male
60,طارق (Tariq),الصديقي (Siddiqui),Male
61,عبد الله (Abdullah),الشريف (Sharif),Male
62,رامي (Rami),السباعي (Sabai),Male
63,نور (Noor),الراشدي (Rashidi),Female
64,زينب (Zainab),المقرن (Mogren),Female
65,عبد المتين (Abdul Mateen),المغربي (Maghribi),Male
66,أسامة (Osama),الكتاني (Kettani),Male
67,عبد الودود (Abdul Wadood),المدني (Madani),Male
68,رشيد (Rashid),الجزائري (Jazaeri),Male
69,عزة (Azza),البارقي (Barqi),Female
70,زكريا (Zakaria),المقدسي (Maqdisi),Male
71,عبد القدوس (Abdul Quddus),الشحي (Shahi),Male
72,زكريا (Zakaria),المزني (Mazni),Male
73,نجلاء (Naglaa),اللبناني (Lebnani),Female
74,بتول (Batool),المغربي (Maghribi),Female
75,سهيل (Suhail),الفاسي (Fassi),Male
76,سمر (Samar),النبهاني (Nabhani),Female
77,هشام (Hisham),الصديقي (Siddiqui),Male
78,منى (Muna),السباعي (Sabai),Female
79,عبد الودود (Abdul Wadood),النبهاني (Nabhani),Male
80,ليلى (Layla),الجريري (Jariri),Female
81,حنان (Hanan),الشبرمي (Shabrami),Female
82,نجوى (Najwa),البغدادي (Baghdadi),Female
83,شادي (Shadi),اللبناني (Lebnani),Male
84,عائشة (Aisha),النقشبندي (Naqshbandi),Female
85,إلهام (Elham),القريشي (Qureshi),Female
86,إيهاب (Ehab),الشريف (Sharif),Male
87,عبد الغني (Abdul Ghani),الفلاسي (Falasi),Male
88,حنان (Hanan),النجدي (Najdi),Female
89,سناء (Sana),الشريف (Sharif),Female
90,بشرى (Bushra),الطرابلسي (Trabelsi),Female
91,عادل (Adil),المعري (Maarri),Male
92,عزة (Azza),الحارثي (Harithi),Female
93,فرح (Farah),المزني (Mazni),Female
94,ريم (Reem),العبدلي (Abdali),Female
95,عبد الحافظ (Abdul Hafiz),الشحي (Shahi),Male
96,فارس (Faris),العباسي (Abbasi),Male
97,أماني (Amani),الجزائري (Jazaeri),Female
98,سامي (Sami),الأنصاري (Ansari),Male
99,مالك (Malik),الراشدي (Rashidi),Male
100,هاشم (Hashim),المزني (Mazni),Male
101,جميل (Jameel),العتيبي (Otaibi),Male
102,عبد العظيم (Abdul Azeem),الطرابلسي (Trabelsi),Male
103,سليمان (Suleiman),المدني (Madani),Male
104,عبد الغني (Abdul Ghani),المغربي (Maghribi),Male
105,عبد المجيد (Abdul Majeed),المطيري (Motairy),Male
106,فرح (Farah),المغربي (Maghribi),Female
107,عبد المجيد (Abdul Majeed),البدري (Badri),Male
108,راوية (Rawiya),الطرابلسي (Trabelsi),Female
109,ميساء (Maysa),النقشبندي (Naqshbandi),Female
110,جميلة (Jamila),السيد (Sayyid),Female
111,هند (Hind),الخزعلي (Khazali),Female
112,هشام (Hisham),القحطاني (Qahtani),Male
113,هند (Hind),الصديقي (Siddiqui),Female
114,ليلى (Layla),المصري (Masri),Female
115,رياض (Riyad),العتيبي (Otaibi),Male
116,فارس (Faris),النجار (Najjar),Male
117,طارق (Tariq),البارقي (Barqi),Male
118,فيصل (Faisal),اليمني (Yemeni),Male
119,وردة (Warda),الجريري (Jariri),Female
120,رانية (Rania),الأشقر (Ashqar),Female
121,إلهام (Elham),الجريري (Jariri),Female
122,لمياء (Lamia),البليهي (Blahe),Female
123,نور (Noor),اليمني (Yemeni),Female
124,نور (Noor),الماجد (Majid),Female
125,حنان (Hanan),الطرابلسي (Trabelsi),Female
126,أمين (Ameen),الطرابلسي (Trabelsi),Male
127,ضحى (Doha),الفاسي (Fassi),Female
128,أمين (Ameen),العبدلي (Abdali),Male
129,إلهام (Elham),الدوسري (Dossary),Female
130,عبد الغني (Abdul Ghani),النبهاني (Nabhani),Male
131,عادل (Adil),الشريف (Sharif),Male
132,جنان (Janan),الفاروقي (Farooqi),Female
133,وردة (Warda),الفلاسي (Falasi),Female
134,خلود (Kholoud),الحسيني (Hussaini),Female
135,عبد الله (Abdullah),الفاروقي (Farooqi),Male
136,نور (Noor),المعمر (Muammar),Female
137,سليمان (Suleiman),الراشدي (Rashidi),Male
138,هدى (Huda),الحسني (Hassani),Female
139,أكرم (Akram),البارقي (Barqi),Male
140,إيمان (Iman),الدعجاني (Dajjani),Female
141,عائشة (Aisha),البليهي (Blahe),Female
142,جميلة (Jamila),الرشيدي (Rashidi),Female
143,أدهم (Adham),السعودي (Saoudi),Male
144,جميل (Jameel),الأشقر (Ashqar),Male
145,نهى (Noha),الفاروقي (Farooqi),Female
146,نجوى (Najwa),العثماني (Othmani),Female
147,ليلى (Layla),الماجد (Majid),Female
148,عبد الودود (Abdul Wadood),الحارثي (Harithi),Male
149,راوية (Rawiya),الأنصاري (Ansari),Female
150,جنان (Janan),الطبراني (Tabarani),Female
151,حكيم (Hakeem),المصري (Masri),Male
152,أماني (Amani),الشاطري (Shatiri),Female
153,عائشة (Aisha),العثماني (Othmani),Female
154,قاسم (Qasim),النقشبندي (Naqshbandi),Male
155,إلهام (Elham),الأنصاري (Ansari),Female
156,عبد العظيم (Abdul Azeem),الشحي (Shahi),Male
157,إلهام (Elham),الكتاني (Kettani),Female
158,نجوى (Najwa),العباسي (Abbasi),Female
159,بشرى (Bushra),العبدلي (Abdali),Female
160,إيمان (Iman),الغامدي (Ghamdi),Female
161,عبد الغني (Abdul Ghani),الخزعلي (Khazali),Male
162,عبد المجيد (Abdul Majeed),القريشي (Qureshi),Male
163,نجلاء (Naglaa),الطرابلسي (Trabelsi),Female
164,لمياء (Lamia),الخزعلي (Khazali),Female
165,حنان (Hanan),التلمساني (Tilimsani),Female
166,ريحانة (Rihana),المقرن (Mogren),Female
167,إيهاب (Ehab),المعري (Maarri),Male
168,سامي (Sami),البصري (Basri),Male
169,سمر (Samar),البدري (Badri),Female
170,غادة (Ghada),الخزعلي (Khazali),Female
171,زكريا (Zakaria),العمراني (Omrani),Male
172,سهيل (Suhail),الحارثي (Harithi),Male
173,هناء (Hanaa),المراكشي (Marakshi),Female
174,عبد المتين (Abdul Mateen),الجريري (Jariri),Male
175,أديب (Adeeb),المقرن (Mogren),Male
176,هيثم (Haitham),المعمر (Muammar),Male
177,وردة (Warda),المزروعي (Mazroui),Female
178,عبير (Abeer),الشبرمي (Shabrami),Female
179,رشيد (Rashid),الحسني (Hassani),Male
180,مراد (Murad),العباسي (Abbasi),Male
181,خلود (Kholoud),الطرابلسي (Trabelsi),Female
182,عائشة (Aisha),الجزائري (Jazaeri),Female
183,أسامة (Osama),العثماني (Othmani),Male
184,فايز (Faiz),الخزعلي (Khazali),Male
185,ياسمين (Yasmin),الأشقر (Ashqar),Female
186,لمياء (Lamia),القريشي (Qureshi),Female
187,رانية (Rania),الفاسي (Fassi),Female
188,أماني (Amani),التميمي (Tamimi),Female
189,سامي (Sami),الغامدي (Ghamdi),Male
190,نجلاء (Naglaa),النجدي (Najdi),Female
191,عليا (Aliya),الأنصاري (Ansari),Female
192,إيهاب (Ehab),المراكشي (Marakshi),Male
193,سمر (Samar),الكتاني (Kettani),Female
194,منصور (Mansoor),الشامي (Shami),Male
195,عبد المتين (Abdul Mateen),الماجد (Majid),Male
196,أكرم (Akram),العتيبي (Otaibi),Male
197,هناء (Hanaa),الشاطري (Shatiri),Female
198,لبنى (Lubna),العثماني (Othmani),Female
199,راوية (Rawiya),الحسيني (Hussaini),Female
200,سليمان (Suleiman),الصقلي (Siqilli),Male
201,عائشة (Aisha),الحارثي (Harithi),Female
202,ريحانة (Rihana),الطائي (Tai),Female
203,جميل (Jameel),اليمني (Yemeni),Male
204,جنان (Janan),المقرن (Mogren),Female
205,جميلة (Jamila),الخزعلي (Khazali),Female
206,ضحى (Doha),المزروعي (Mazroui),Female
207,مراد (Murad),الهاشمي (Hashimi),Male
208,سناء (Sana),القاسمي (Qasimi),Female
209,سليم (Saleem),الشبرمي (Shabrami),Male
210,ضحى (Doha),المقدسي (Maqdisi),Female
211,معاذ (Muadh),البليهي (Blahe),Male
212,نوال (Nawal),العمراني (Omrani),Female
213,ريم (Reem),الهاشمي (Hashimi),Female
214,إيهاب (Ehab),النبهاني (Nabhani),Male
215,نهى (Noha),الأشقر (Ashqar),Female
216,لبنى (Lubna),الكتاني (Kettani),Female
217,أديب (Adeeb),العقيل (Aqil),Male
218,أمين (Ameen),المزروعي (Mazroui),Male
219,طارق (Tariq),الشبرمي (Shabrami),Male
220,مراد (Murad),العقبي (Aqbi),Male
221,سيف (Saif),الشريف (Sharif),Male
222,هدى (Huda),التلمساني (Tilimsani),Female
223,عزة (Azza),الهاشمي (Hashimi),Female
224,ريحانة (Rihana),الراشدي (Rashidi),Female
225,سيف (Saif),الشاطري (Shatiri),Male
226,رياض (Riyad),الكتاني (Kettani),Male
227,نجلاء (Naglaa),اللبناني (Lebnani),Female
228,مريم (Maryam),المكي (Maki),Female
229,ريم (Reem),السعودي (Saoudi),Female
230,عليا (Aliya),الماجد (Majid),Female
231,بدر (Badr),الرشيدي (Rashidi),Male
232,إلهام (Elham),التميمي (Tamimi),Female
233,إلهام (Elham),الشحي (Shahi),Female
234,عبد الحافظ (Abdul Hafiz),العثماني (Othmani),Male
235,شادي (Shadi),القريشي (Qureshi),Male
236,معاذ (Muadh),القاسمي (Qasimi),Male
237,لمياء (Lamia),التلمساني (Tilimsani),Female
238,بشرى (Bushra),الزهراني (Zahrani),Female
239,عزة (Azza),الراشدي (Rashidi),Female
240,هناء (Hanaa),الحارثي (Harithi),Female
241,هند (Hind),البليهي (Blahe),Female
242,هدى (Huda),النقشبندي (Naqshbandi),Female
243,شادي (Shadi),النبهاني (Nabhani),Male
244,فيصل (Faisal),الأنصاري (Ansari),Male
245,ياسمين (Yasmin),الشحي (Shahi),Female
246,قاسم (Qasim),الخطيب (Khatib),Male
247,بتول (Batool),الخزعلي (Khazali),Female
248,جنان (Janan),الحسني (Hassani),Female
249,نسرين (Nisreen),المزروعي (Mazroui),Female
250,عبير (Abeer),المطيري (Motairy),Female
251,عبد الودود (Abdul Wadood),الطرابلسي (Trabelsi),Male
252,هيثم (Haitham),الصديقي (Siddiqui),Male
253,عبد الله (Abdullah),الدعجاني (Dajjani),Male
254,سهيل (Suhail),النجار (Najjar),Male
255,بتول (Batool),النقشبندي (Naqshbandi),Female
256,وردة (Warda),الشريف (Sharif),Female
257,منصور (Mansoor),المطيري (Motairy),Male
258,حكيم (Hakeem),الفاسي (Fassi),Male
259,أمين (Ameen),البدري (Badri),Male
260,حكيم (Hakeem),التلمساني (Tilimsani),Male
261,جنان (Janan),المدني (Madani),Female
262,عبد الغني (Abdul Ghani),الحسني (Hassani),Male
263,بشرى (Bushra),الشحي (Shahi),Female
264,زينب (Zainab),الخطيب (Khatib),Female
265,جنان (Janan),البارقي (Barqi),Female
266,هناء (Hanaa),العتيبي (Otaibi),Female
267,إيمان (Iman),البدري (Badri),Female
268,أمين (Ameen),السباعي (Sabai),Male
269,زكريا (Zakaria),العتيبي (Otaibi),Male
270,هيثم (Haitham),النبهاني (Nabhani),Male
271,هدى (Huda),الخطيب (Khatib),Female
272,سيف (Saif),الدعجاني (Dajjani),Male
273,هناء (Hanaa),المقرن (Mogren),Female
274,زينب (Zainab),البارقي (Barqi),Female
275,سيف (Saif),العبدلي (Abdali),Male
276,رانية (Rania),المزني (Mazni),Female
277,إلهام (Elham),الرشيدي (Rashidi),Female
278,شادي (Shadi),المدني (Madani),Male
279,غادة (Ghada),المزني (Mazni),Female
280,أماني (Amani),الجريري (Jariri),Female
281,أكرم (Akram),الغامدي (Ghamdi),Male
282,جميل (Jameel),العتيبي (Otaibi),Male
283,ريم (Reem),القحطاني (Qahtani),Female
284,إلهام (Elham),الحارثي (Harithi),Female
285,مالك (Malik),الشحي (Shahi),Male
286,ياسمين (Yasmin),الخزعلي (Khazali),Female
287,فايز (Faiz),المكي (Maki),Male
288,نسرين (Nisreen),التميمي (Tamimi),Female
289,عبد الله (Abdullah),القاسمي (Qasimi),Male
290,عبد المتين (Abdul Mateen),الطرابلسي (Trabelsi),Male
291,رامي (Rami),الأشقر (Ashqar),Male
292,سناء (Sana),البدري (Badri),Female
293,عبير (Abeer),الرفاعي (Rifai),Female
294,ابتسام (Ibtisam),الأشقر (Ashqar),Female
295,عليا (Aliya),الخزعلي (Khazali),Female
296,عبد الحافظ (Abdul Hafiz),النبهاني (Nabhani),Male
297,هشام (Hisham),القريشي (Qureshi),Male
298,ريحانة (Rihana),العباسي (Abbasi),Female
299,طارق (Tariq),النجدي (Najdi),Male
300,أماني (Amani),الصقلي (Siqilli),Female
301,غادة (Ghada),النبهاني (Nabhani),Female
302,هدى (Huda),البليهي (Blahe),Female
303,جميلة (Jamila),العقيل (Aqil),Female
304,سناء (Sana),المزروعي (Mazroui),Female
305,فايز (Faiz),الفاروقي (Farooqi),Male
306,ياسمين (Yasmin),الهاشمي (Hashimi),Female
307,هناء (Hanaa),الطائي (Tai),Female
308,ثابت (Thabit),الفاسي (Fassi),Male
309,سهيل (Suhail),الغامدي (Ghamdi),Male
310,جنان (Janan),الجزائري (Jazaeri),Female
311,طارق (Tariq),الماجد (Majid),Male
312,فايز (Faiz),الخطيب (Khatib),Male
313,ضحى (Doha),الجزائري (Jazaeri),Female
314,جميل (Jameel),الصديقي (Siddiqui),Male
315,عبير (Abeer),القريشي (Qureshi),Female
316,ياسمين (Yasmin),الفاسي (Fassi),Female
317,أديب (Adeeb),المصري (Masri),Male
318,رياض (Riyad),السعودي (Saoudi),Male
319,بشرى (Bushra),اليمني (Yemeni),Female
320,جواد (Jawad),الشيباني (Shaibani),Male
321,عليا (Aliya),المغربي (Maghribi),Female
322,زينب (Zainab),الجزائري (Jazaeri),Female
323,مريم (Maryam),الراشدي (Rashidi),Female
324,لبنى (Lubna),الجريري (Jariri),Female
325,شادي (Shadi),السيد (Sayyid),Male
326,معاذ (Muadh),الزهراني (Zahrani),Male
327,وحيد (Waheed),النقشبندي (Naqshbandi),Male
328,قاسم (Qasim),الطائي (Tai),Male
329,أماني (Amani),الزهراني (Zahrani),Female
330,سليم (Saleem),الطرابلسي (Trabelsi),Male
331,ياسمين (Yasmin),الرفاعي (Rifai),Female
332,مالك (Malik),الماجد (Majid),Male
333,هناء (Hanaa),القاسمي (Qasimi),Female
334,عليا (Aliya),الرفاعي (Rifai),Female
335,عبد المجيد (Abdul Majeed),الغزاوي (Ghazzawi),Male
336,مروان (Marwan),البدري (Badri),Male
337,هند (Hind),العتيبي (Otaibi),Female
338,جميلة (Jamila),العقيل (Aqil),Female
339,أمين (Ameen),البصري (Basri),Male
340,بدر (Badr),التميمي (Tamimi),Male
341,ياسمين (Yasmin),النبهاني (Nabhani),Female
342,معاذ (Muadh),الهاشمي (Hashimi),Male
343,سمر (Samar),الطائي (Tai),Female
344,ريحانة (Rihana),الغامدي (Ghamdi),Female
345,جميلة (Jamila),الخزعلي (Khazali),Female
346,نوال (Nawal),الفاروقي (Farooqi),Female
347,طارق (Tariq),الشبرمي (Shabrami),Male
348,إيهاب (Ehab),المقدسي (Maqdisi),Male
349,هشام (Hisham),البدري (Badri),Male
350,لبنى (Lubna),المراكشي (Marakshi),Female
351,نوال (Nawal),الفلاسي (Falasi),Female
352,هيثم (Haitham),المزني (Mazni),Male
353,مروان (Marwan),الشحي (Shahi),Male
354,ياسمين (Yasmin),الصديقي (Siddiqui),Female
355,نوال (Nawal),العقيل (Aqil),Female
356,نسرين (Nisreen),المقدسي (Maqdisi),Female
357,أدهم (Adham),النبهاني (Nabhani),Male
358,نجلاء (Naglaa),الشريف (Sharif),Female
359,هشام (Hisham),الشريف (Sharif),Male
360,ريم (Reem),الشيباني (Shaibani),Female
361,رياض (Riyad),الطائي (Tai),Male
362,عبد المتين (Abdul Mateen),الفلاسي (Falasi),Male
363,نجلاء (Naglaa),المعري (Maarri),Female
364,منصور (Mansoor),الحسيني (Hussaini),Male
365,طارق (Tariq),الغزاوي (Ghazzawi),Male
366,سامي (Sami),التلمساني (Tilimsani),Male
367,نهى (Noha),الطرابلسي (Trabelsi),Female
368,عبد الحافظ (Abdul Hafiz),الجزائري (Jazaeri),Male
369,ثابت (Thabit),الشحي (Shahi),Male
370,نور (Noor),المقرن (Mogren),Female
371,أمين (Ameen),النبهاني (Nabhani),Male
372,ليلى (Layla),الحسيني (Hussaini),Female
373,أكرم (Akram),الشاطري (Shatiri),Male
374,منصور (Mansoor),المزني (Mazni),Male
375,أسامة (Osama),البصري (Basri),Male
376,لبنى (Lubna),المغربي (Maghribi),Female
377,ريم (Reem),البصري (Basri),Female
378,حنان (Hanan),الفاروقي (Farooqi),Female
379,منى (Muna),الجريري (Jariri),Female
380,بتول (Batool),العمراني (Omrani),Female
381,حكيم (Hakeem),الحجيري (Hujairi),Male
382,زينب (Zainab),الفاسي (Fassi),Female
383,جميل (Jameel),المطيري (Motairy),Male
384,نوال (Nawal),الشيباني (Shaibani),Female
385,راوية (Rawiya),الزهراني (Zahrani),Female
386,عبد الغني (Abdul Ghani),المعمر (Muammar),Male
387,عزة (Azza),المزروعي (Mazroui),Female
388,زينب (Zainab),التميمي (Tamimi),Female
389,عبير (Abeer),الغزاوي (Ghazzawi),Female
390,وحيد (Waheed),الجزائري (Jazaeri),Male
391,أمين (Ameen),المكي (Maki),Male
392,أدهم (Adham),المطيري (Motairy),Male
393,جنان (Janan),الراشدي (Rashidi),Female
394,سهيل (Suhail),الحارثي (Harithi),Male
395,سيف (Saif),الرشيدي (Rashidi),Male
396,إيهاب (Ehab),الطائي (Tai),Male
397,قاسم (Qasim),الطائي (Tai),Male
398,سامي (Sami),الحسني (Hassani),Male
399,رامي (Rami),العقبي (Aqbi),Male
400,سناء (Sana),اليمني (Yemeni),Female
401,منصور (Mansoor),الحسيني (Hussaini),Male
402,فايز (Faiz),اللبناني (Lebnani),Male
403,طارق (Tariq),الشريف (Sharif),Male
404,غادة (Ghada),الجريري (Jariri),Female
405,مالك (Malik),المقرن (Mogren),Male
406,هاشم (Hashim),المدني (Madani),Male
407,بدر (Badr),الجريري (Jariri),Male
408,ريم (Reem),الفلاسي (Falasi),Female
409,نوال (Nawal),اللبناني (Lebnani),Female
410,عبد الغني (Abdul Ghani),العقبي (Aqbi),Male
411,إيهاب (Ehab),العتيبي (Otaibi),Male
412,عبد الحافظ (Abdul Hafiz),السعودي (Saoudi),Male
413,سليم (Saleem),المكي (Maki),Male
414,سناء (Sana),الراشدي (Rashidi),Female
415,سمر (Samar),النبهاني (Nabhani),Female
416,سارة (Sarah),الرفاعي (Rifai),Female
417,فارس (Faris),الدوسري (Dossary),Male
418,زينب (Zainab),المغربي (Maghribi),Female
419,سيف (Saif),الرفاعي (Rifai),Male
420,رانية (Rania),العقبي (Aqbi),Female
421,هدى (Huda),الحسيني (Hussaini),Female
422,عبد القدوس (Abdul Quddus),البليهي (Blahe),Male
423,منى (Muna),المراكشي (Marakshi),Female
424,ريحانة (Rihana),الحسني (Hassani),Female
425,سليمان (Suleiman),الحارثي (Harithi),Male
426,أسامة (Osama),المغربي (Maghribi),Male
427,منصور (Mansoor),الحارثي (Harithi),Male
428,مها (Maha),اليمني (Yemeni),Female
429,لمياء (Lamia),القريشي (Qureshi),Female
430,عبد القدوس (Abdul Quddus),الحسني (Hassani),Male
431,هيثم (Haitham),الشامي (Shami),Male
432,وحيد (Waheed),العتيبي (Otaibi),Male
433,سارة (Sarah),الشريف (Sharif),Female
434,مها (Maha),الخطيب (Khatib),Female
435,ياسمين (Yasmin),النقشبندي (Naqshbandi),Female
436,عبير (Abeer),الحارثي (Harithi),Female
437,ريحانة (Rihana),الرفاعي (Rifai),Female
438,جميل (Jameel),الصقلي (Siqilli),Male
439,فايز (Faiz),المراكشي (Marakshi),Male
440,أكرم (Akram),السيد (Sayyid),Male
441,راوية (Rawiya),العثماني (Othmani),Female
442,زينب (Zainab),السيد (Sayyid),Female
443,زينب (Zainab),السباعي (Sabai),Female
444,ياسمين (Yasmin),الدوسري (Dossary),Female
445,فارس (Faris),السعودي (Saoudi),Male
446,عبد العظيم (Abdul Azeem),المزروعي (Mazroui),Male
447,مراد (Murad),الشاطري (Shatiri),Male
448,نجوى (Najwa),الطائي (Tai),Female
449,فارس (Faris),المدني (Madani),Male
450,أماني (Amani),العمراني (Omrani),Female
451,سارة (Sarah),البدري (Badri),Female
452,رامي (Rami),الرفاعي (Rifai),Male
453,سمر (Samar),النجار (Najjar),Female
454,بدر (Badr),السعودي (Saoudi),Male
455,سيف (Saif),الفاروقي (Farooqi),Male
456,مها (Maha),الأنصاري (Ansari),Female
457,سليم (Saleem),الصديقي (Siddiqui),Male
458,فرح (Farah),المزني (Mazni),Female
459,أكرم (Akram),العمراني (Omrani),Male
460,ياسمين (Yasmin),الجريري (Jariri),Female
461,جواد (Jawad),الماجد (Majid),Male
462,عزة (Azza),المراكشي (Marakshi),Female
463,خلود (Kholoud),اللبناني (Lebnani),Female
464,زكريا (Zakaria),اللبناني (Lebnani),Male
465,سناء (Sana),المغربي (Maghribi),Female
466,حنان (Hanan),البارقي (Barqi),Female
467,أماني (Amani),القحطاني (Qahtani),Female
468,هند (Hind),العقيل (Aqil),Female
469,عبد الله (Abdullah),القحطاني (Qahtani),Male
470,نسرين (Nisreen),الفاسي (Fassi),Female
471,نوال (Nawal),الشحي (Shahi),Female
472,عبد الغني (Abdul Ghani),البصري (Basri),Male
473,أديب (Adeeb),البدري (Badri),Male
474,سناء (Sana),الكتاني (Kettani),Female
475,أدهم (Adham),المصري (Masri),Male
476,بشرى (Bushra),القريشي (Qureshi),Female
477,سليمان (Suleiman),التميمي (Tamimi),Male
478,سليم (Saleem),الرشيدي (Rashidi),Male
479,أدهم (Adham),العمراني (Omrani),Male
480,طارق (Tariq),الأنصاري (Ansari),Male
481,هناء (Hanaa),الجريري (Jariri),Female
482,إيهاب (Ehab),الصقلي (Siqilli),Male
483,أماني (Amani),الهاشمي (Hashimi),Female
484,مالك (Malik),الصديقي (Siddiqui),Male
485,بتول (Batool),العقيل (Aqil),Female
486,إيهاب (Ehab),الشاطري (Shatiri),Male
487,شادي (Shadi),البدري (Badri),Male
488,عبد الله (Abdullah),التميمي (Tamimi),Male
489,أكرم (Akram),المغربي (Maghribi),Male
490,عادل (Adil),التلمساني (Tilimsani),Male
491,فارس (Faris),المدني (Madani),Male
492,سارة (Sarah),البغدادي (Baghdadi),Female
493,ريم (Reem),الأشقر (Ashqar),Female
494,هاشم (Hashim),الصقلي (Siqilli),Male
495,عليا (Aliya),المقدسي (Maqdisi),Female
496,نجلاء (Naglaa),اللبناني (Lebnani),Female
497,زكريا (Zakaria),الدوسري (Dossary),Male
498,جواد (Jawad),الفاسي (Fassi),Male
499,أسامة (Osama),الفاروقي (Farooqi),Male
500,جواد (Jawad),الفاسي (Fassi),Male
501,سلوى (Salwa),المطيري (Motairy),Female
502,نوال (Nawal),المطيري (Motairy),Female
503,شادي (Shadi),المعمر (Muammar),Male
504,فرح (Farah),الفلاسي (Falasi),Female
505,عبد الغني (Abdul Ghani),القريشي (Qureshi),Male
506,سهيل (Suhail),السعودي (Saoudi),Male
507,بتول (Batool),الشامي (Shami),Female
508,عبد المتين (Abdul Mateen),البدري (Badri),Male
509,عبد المجيد (Abdul Majeed),الطائي (Tai),Male
510,عائشة (Aisha),النبهاني (Nabhani),Female
511,فارس (Faris),المقدسي (Maqdisi),Male
512,جنان (Janan),الفاروقي (Farooqi),Female
513,سلوى (Salwa),العمراني (Omrani),Female
514,شادي (Shadi),الجزائري (Jazaeri),Male
515,هناء (Hanaa),الحجيري (Hujairi),Female
516,ابتسام (Ibtisam),المقرن (Mogren),Female
517,رانية (Rania),البارقي (Barqi),Female
518,مروان (Marwan),السيد (Sayyid),Male
519,سليمان (Suleiman),الرشيدي (Rashidi),Male
520,أمين (Ameen),المعري (Maarri),Male
521,قاسم (Qasim),المراكشي (Marakshi),Male
522,سهيل (Suhail),المقرن (Mogren),Male
523,رشيد (Rashid),الهاشمي (Hashimi),Male
524,جميلة (Jamila),القاسمي (Qasimi),Female
525,رياض (Riyad),المطيري (Motairy),Male
526,سارة (Sarah),السيد (Sayyid),Female
527,عبد الحافظ (Abdul Hafiz),البغدادي (Baghdadi),Male
528,راوية (Rawiya),الحارثي (Harithi),Female
529,ثابت (Thabit),الشامي (Shami),Male
530,إيمان (Iman),الشريف (Sharif),Female
531,وحيد (Waheed),الدعجاني (Dajjani),Male
532,حكيم (Hakeem),العمراني (Omrani),Male
533,إيهاب (Ehab),العبدلي (Abdali),Male
534,عليا (Aliya),الشبرمي (Shabrami),Female
535,سلوى (Salwa),المكي (Maki),Female
536,حنان (Hanan),الجزائري (Jazaeri),Female
537,لمياء (Lamia),الحجيري (Hujairi),Female
538,مريم (Maryam),الحارثي (Harithi),Female
539,عبد الودود (Abdul Wadood),الهاشمي (Hashimi),Male
540,رشيد (Rashid),الفلاسي (Falasi),Male
541,شادي (Shadi),الدوسري (Dossary),Male
542,رشيد (Rashid),العقيل (Aqil),Male
543,هند (Hind),اللبناني (Lebnani),Female
544,عبد الودود (Abdul Wadood),الشامي (Shami),Male
545,هدى (Huda),البدري (Badri),Female
546,أماني (Amani),العتيبي (Otaibi),Female
547,إلهام (Elham),الصديقي (Siddiqui),Female
548,مروان (Marwan),الشريف (Sharif),Male
549,غادة (Ghada),الطرابلسي (Trabelsi),Female
550,جواد (Jawad),البليهي (Blahe),Male
551,منى (Muna),الجريري (Jariri),Female
552,هاشم (Hashim),الشامي (Shami),Male
553,عبد الودود (Abdul Wadood),اللبناني (Lebnani),Male
554,سليم (Saleem),التلمساني (Tilimsani),Male
555,رانية (Rania),المصري (Masri),Female
556,هيثم (Haitham),اللبناني (Lebnani),Male
557,إيمان (Iman),الراشدي (Rashidi),Female
558,معاذ (Muadh),السيد (Sayyid),Male
559,جميل (Jameel),القحطاني (Qahtani),Male
560,نسرين (Nisreen),العقبي (Aqbi),Female
561,نسرين (Nisreen),الفاسي (Fassi),Female
562,هشام (Hisham),الزهراني (Zahrani),Male
563,ميساء (Maysa),الزهراني (Zahrani),Female
564,ليلى (Layla),الحارثي (Harithi),Female
565,ميساء (Maysa),الصديقي (Siddiqui),Female
566,هند (Hind),الجريري (Jariri),Female
567,عزة (Azza),المقدسي (Maqdisi),Female
568,ثابت (Thabit),المغربي (Maghribi),Male
569,بتول (Batool),البدري (Badri),Female
570,مراد (Murad),المزروعي (Mazroui),Male
571,نهى (Noha),السعودي (Saoudi),Female
572,ثابت (Thabit),الشاطري (Shatiri),Male
573,قاسم (Qasim),البارقي (Barqi),Male
574,عادل (Adil),المدني (Madani),Male
575,أديب (Adeeb),الطائي (Tai),Male
576,رامي (Rami),المصري (Masri),Male
577,ابتسام (Ibtisam),الشبرمي (Shabrami),Female
578,عادل (Adil),الحسني (Hassani),Male
579,طارق (Tariq),الفاسي (Fassi),Male
580,ميساء (Maysa),الفاروقي (Farooqi),Female
581,عبد المتين (Abdul Mateen),الشيباني (Shaibani),Male
582,زكريا (Zakaria),الغزاوي (Ghazzawi),Male
583,هشام (Hisham),البليهي (Blahe),Male
584,جميلة (Jamila),المراكشي (Marakshi),Female
585,أماني (Amani),الراشدي (Rashidi),Female
586,راوية (Rawiya),الصديقي (Siddiqui),Female
587,عائشة (Aisha),البغدادي (Baghdadi),Female
588,هند (Hind),النقشبندي (Naqshbandi),Female
589,ليلى (Layla),المزروعي (Mazroui),Female
590,إيمان (Iman),المقدسي (Maqdisi),Female
591,نور (Noor),الشيباني (Shaibani),Female
592,جميلة (Jamila),المراكشي (Marakshi),Female
593,عبد المتين (Abdul Mateen),الرفاعي (Rifai),Male
594,مراد (Murad),العقيل (Aqil),Male
595,جميلة (Jamila),المدني (Madani),Female
596,خلود (Kholoud),العمراني (Omrani),Female
597,عليا (Aliya),الخزعلي (Khazali),Female
598,سيف (Saif),الجريري (Jariri),Male
599,هدى (Huda),الكتاني (Kettani),Female
600,عادل (Adil),البدري (Badri),Male
601,هند (Hind),الصديقي (Siddiqui),Female
602,مريم (Maryam),الدعجاني (Dajjani),Female
603,أكرم (Akram),المطيري (Motairy),Male
604,شادي (Shadi),الأشقر (Ashqar),Male
605,مها (Maha),الفلاسي (Falasi),Female
606,ضحى (Doha),المراكشي (Marakshi),Female
607,وردة (Warda),الشبرمي (Shabrami),Female
608,هند (Hind),اللبناني (Lebnani),Female
609,فيصل (Faisal),العباسي (Abbasi),Male
610,ثابت (Thabit),اللبناني (Lebnani),Male
611,ريم (Reem),العباسي (Abbasi),Female
612,عزة (Azza),الدعجاني (Dajjani),Female
613,مروان (Marwan),الشيباني (Shaibani),Male
614,أدهم (Adham),النقشبندي (Naqshbandi),Male
615,عبد الودود (Abdul Wadood),الجريري (Jariri),Male
616,عبد العظيم (Abdul Azeem),الجريري (Jariri),Male
617,بدر (Badr),الطائي (Tai),Male
618,أديب (Adeeb),النجار (Najjar),Male
619,عبد الغني (Abdul Ghani),الهاشمي (Hashimi),Male
620,زينب (Zainab),الطائي (Tai),Female
621,قاسم (Qasim),العمراني (Omrani),Male
622,حكيم (Hakeem),السعودي (Saoudi),Male
623,منصور (Mansoor),الشيباني (Shaibani),Male
624,سامي (Sami),الزهراني (Zahrani),Male
625,زكريا (Zakaria),المدني (Madani),Male
626,قاسم (Qasim),النقشبندي (Naqshbandi),Male
627,حكيم (Hakeem),البصري (Basri),Male
628,سيف (Saif),الخطيب (Khatib),Male
629,عائشة (Aisha),البغدادي (Baghdadi),Female
630,عبد الودود (Abdul Wadood),الشاطري (Shatiri),Male
631,نسرين (Nisreen),البصري (Basri),Female
632,مراد (Murad),الصديقي (Siddiqui),Male
633,سارة (Sarah),العمراني (Omrani),Female
634,سيف (Saif),الشحي (Shahi),Male
635,مها (Maha),الطائي (Tai),Female
636,مراد (Murad),الحسني (Hassani),Male
637,قاسم (Qasim),الفلاسي (Falasi),Male
638,لمياء (Lamia),الأنصاري (Ansari),Female
639,حنان (Hanan),الراشدي (Rashidi),Female
640,جواد (Jawad),المكي (Maki),Male
641,حكيم (Hakeem),الأشقر (Ashqar),Male
642,عبد الله (Abdullah),السعودي (Saoudi),Male
643,فارس (Faris),البدري (Badri),Male
644,نور (Noor),التلمساني (Tilimsani),Female
645,هدى (Huda),السباعي (Sabai),Female
646,منى (Muna),البصري (Basri),Female
647,بشرى (Bushra),الماجد (Majid),Female
648,مروان (Marwan),اليمني (Yemeni),Male
649,فايز (Faiz),الكتاني (Kettani),Male
650,أكرم (Akram),الطائي (Tai),Male
651,رشيد (Rashid),الحسيني (Hussaini),Male
652,ريم (Reem),المغربي (Maghribi),Female
653,منصور (Mansoor),الأنصاري (Ansari),Male
654,سناء (Sana),المصري (Masri),Female
655,مالك (Malik),النجار (Najjar),Male
656,جميلة (Jamila),الغزاوي (Ghazzawi),Female
657,عبد المتين (Abdul Mateen),الأنصاري (Ansari),Male
658,إلهام (Elham),الفاسي (Fassi),Female
659,فرح (Farah),الحسني (Hassani),Female
660,خلود (Kholoud),المزني (Mazni),Female
661,هشام (Hisham),العثماني (Othmani),Male
662,سيف (Saif),الحجيري (Hujairi),Male
663,نجوى (Najwa),الراشدي (Rashidi),Female
664,سلوى (Salwa),المعري (Maarri),Female
665,أماني (Amani),المزني (Mazni),Female
666,عبد الغني (Abdul Ghani),العمراني (Omrani),Male
667,غادة (Ghada),الشبرمي (Shabrami),Female
668,رامي (Rami),الجزائري (Jazaeri),Male
669,عبد القدوس (Abdul Quddus),الكتاني (Kettani),Male
670,طارق (Tariq),الصديقي (Siddiqui),Male
671,سمر (Samar),النجدي (Najdi),Female
672,نور (Noor),الشامي (Shami),Female
673,ياسمين (Yasmin),السعودي (Saoudi),Female
674,عائشة (Aisha),الحسني (Hassani),Female
675,سمر (Samar),القريشي (Qureshi),Female
676,فايز (Faiz),الشيباني (Shaibani),Male
677,حكيم (Hakeem),المطيري (Motairy),Male
678,ابتسام (Ibtisam),المطيري (Motairy),Female
679,عبد الودود (Abdul Wadood),الخطيب (Khatib),Male
680,ليلى (Layla),المكي (Maki),Female
681,نسرين (Nisreen),المصري (Masri),Female
682,جميلة (Jamila),النبهاني (Nabhani),Female
683,رانية (Rania),الجريري (Jariri),Female
684,بدر (Badr),المعمر (Muammar),Male
685,عبد المتين (Abdul Mateen),العثماني (Othmani),Male
686,أديب (Adeeb),المدني (Madani),Male
687,سامي (Sami),الصقلي (Siqilli),Male
688,منى (Muna),العقيل (Aqil),Female
689,عادل (Adil),البليهي (Blahe),Male
690,رشيد (Rashid),الحسيني (Hussaini),Male
691,غادة (Ghada),القريشي (Qureshi),Female
692,جواد (Jawad),الحجيري (Hujairi),Male
693,نجوى (Najwa),الشامي (Shami),Female
694,إيمان (Iman),المعمر (Muammar),Female
695,عبد المتين (Abdul Mateen),الزهراني (Zahrani),Male
696,وردة (Warda),النبهاني (Nabhani),Female
697,فرح (Farah),البغدادي (Baghdadi),Female
698,قاسم (Qasim),الهاشمي (Hashimi),Male
699,حنان (Hanan),الفاروقي (Farooqi),Female
700,غادة (Ghada),العقيل (Aqil),Female
701,منى (Muna),المزروعي (Mazroui),Female
702,عبد الغني (Abdul Ghani),الرفاعي (Rifai),Male
703,جميل (Jameel),البغدادي (Baghdadi),Male
704,هيثم (Haitham),الحجيري (Hujairi),Male
705,نوال (Nawal),الكتاني (Kettani),Female
706,سليم (Saleem),البارقي (Barqi),Male
707,مها (Maha),الحسني (Hassani),Female
708,ثابت (Thabit),النبهاني (Nabhani),Male
709,قاسم (Qasim),البدري (Badri),Male
710,سلوى (Salwa),النبهاني (Nabhani),Female
711,مها (Maha),الطائي (Tai),Female
712,عبد الغني (Abdul Ghani),الشاطري (Shatiri),Male
713,رياض (Riyad),الشحي (Shahi),Male
714,لمياء (Lamia),العمراني (Omrani),Female
715,أمين (Ameen),الفاروقي (Farooqi),Male
716,نهى (Noha),السعودي (Saoudi),Female
717,سيف (Saif),القاسمي (Qasimi),Male
718,عبد الحافظ (Abdul Hafiz),الحارثي (Harithi),Male
719,بدر (Badr),الفاسي (Fassi),Male
720,ضحى (Doha),الأشقر (Ashqar),Female
721,نهى (Noha),النبهاني (Nabhani),Female
722,منى (Muna),النجار (Najjar),Female
723,سيف (Saif),العمراني (Omrani),Male
724,عبير (Abeer),العمراني (Omrani),Female
725,ميساء (Maysa),التميمي (Tamimi),Female
726,رشيد (Rashid),الطائي (Tai),Male
727,هناء (Hanaa),الشاطري (Shatiri),Female
728,أمين (Ameen),القاسمي (Qasimi),Male
729,إلهام (Elham),الشحي (Shahi),Female
730,أسامة (Osama),السيد (Sayyid),Male
731,إيهاب (Ehab),السعودي (Saoudi),Male
732,عليا (Aliya),المراكشي (Marakshi),Female
733,هناء (Hanaa),الرفاعي (Rifai),Female
734,نهى (Noha),البليهي (Blahe),Female
735,عبد الله (Abdullah),المزني (Mazni),Male
736,فرح (Farah),النقشبندي (Naqshbandi),Female
737,منى (Muna),السباعي (Sabai),Female
738,وحيد (Waheed),المدني (Madani),Male
739,زكريا (Zakaria),القريشي (Qureshi),Male
740,جواد (Jawad),السيد (Sayyid),Male
741,أسامة (Osama),الصقلي (Siqilli),Male
742,سمر (Samar),المطيري (Motairy),Female
743,عبير (Abeer),العبدلي (Abdali),Female
744,وحيد (Waheed),الحسني (Hassani),Male
745,منى (Muna),الماجد (Majid),Female
746,عبد الحافظ (Abdul Hafiz),الرشيدي (Rashidi),Male
747,عزة (Azza),النبهاني (Nabhani),Female
748,سامي (Sami),المغربي (Maghribi),Male
749,عبد الودود (Abdul Wadood),الراشدي (Rashidi),Male
750,فايز (Faiz),المصري (Masri),Male
751,معاذ (Muadh),المقدسي (Maqdisi),Male
752,مروان (Marwan),السيد (Sayyid),Male
753,أكرم (Akram),العبدلي (Abdali),Male
754,سناء (Sana),الغامدي (Ghamdi),Female
755,عبير (Abeer),العقيل (Aqil),Female
756,عليا (Aliya),المزني (Mazni),Female
757,نوال (Nawal),العقبي (Aqbi),Female
758,فيصل (Faisal),اليمني (Yemeni),Male
759,هيثم (Haitham),القحطاني (Qahtani),Male
760,خلود (Kholoud),الدعجاني (Dajjani),Female
761,مالك (Malik),الشامي (Shami),Male
762,عبد الغني (Abdul Ghani),الماجد (Majid),Male
763,وردة (Warda),المعمر (Muammar),Female
764,نجلاء (Naglaa),النجدي (Najdi),Female
765,عبد المتين (Abdul Mateen),المصري (Masri),Male
766,معاذ (Muadh),المراكشي (Marakshi),Male
767,معاذ (Muadh),الحجيري (Hujairi),Male
768,معاذ (Muadh),العتيبي (Otaibi),Male
769,سليم (Saleem),العقبي (Aqbi),Male
770,هناء (Hanaa),المقرن (Mogren),Female
771,عبير (Abeer),السيد (Sayyid),Female
772,جميل (Jameel),العتيبي (Otaibi),Male
773,سارة (Sarah),العقبي (Aqbi),Female
774,عبير (Abeer),البدري (Badri),Female
775,إيمان (Iman),العقبي (Aqbi),Female
776,أمين (Ameen),الجريري (Jariri),Male
777,سليمان (Suleiman),الشريف (Sharif),Male
778,سلوى (Salwa),السعودي (Saoudi),Female
779,هاشم (Hashim),الأشقر (Ashqar),Male
780,منصور (Mansoor),الكتاني (Kettani),Male
781,ليلى (Layla),الفلاسي (Falasi),Female
782,لبنى (Lubna),المزروعي (Mazroui),Female
783,عادل (Adil),الرشيدي (Rashidi),Male
784,عبد القدوس (Abdul Quddus),المزروعي (Mazroui),Male
785,هند (Hind),الشبرمي (Shabrami),Female
786,عليا (Aliya),الطرابلسي (Trabelsi),Female
787,أسامة (Osama),العتيبي (Otaibi),Male
788,منصور (Mansoor),الصديقي (Siddiqui),Male
789,أكرم (Akram),الفاسي (Fassi),Male
790,عبد العظيم (Abdul Azeem),الجريري (Jariri),Male
791,ياسمين (Yasmin),الغامدي (Ghamdi),Female
792,ابتسام (Ibtisam),القريشي (Qureshi),Female
793,أديب (Adeeb),البليهي (Blahe),Male
794,خلود (Kholoud),الحارثي (Harithi),Female
795,نجلاء (Naglaa),المعري (Maarri),Female
796,هشام (Hisham),الكتاني (Kettani),Male
797,مالك (Malik),الصديقي (Siddiqui),Male
798,جميل (Jameel),العثماني (Othmani),Male
799,معاذ (Muadh),الشامي (Shami),Male
800,مراد (Murad),المطيري (Motairy),Male
801,معاذ (Muadh),الجزائري (Jazaeri),Male
802,ميساء (Maysa),النبهاني (Nabhani),Female
803,نور (Noor),الطائي (Tai),Female
804,هشام (Hisham),الفلاسي (Falasi),Male
805,سلوى (Salwa),الأنصاري (Ansari),Female
806,نهى (Noha),السعودي (Saoudi),Female
807,إلهام (Elham),الزهراني (Zahrani),Female
808,سليم (Saleem),الرشيدي (Rashidi),Male
809,مها (Maha),التميمي (Tamimi),Female
810,طارق (Tariq),الراشدي (Rashidi),Male
811,نجلاء (Naglaa),العثماني (Othmani),Female
812,عبد المجيد (Abdul Majeed),السباعي (Sabai),Male
813,نجوى (Najwa),الصقلي (Siqilli),Female
814,سليم (Saleem),المدني (Madani),Male
815,نسرين (Nisreen),الشامي (Shami),Female
816,أدهم (Adham),النقشبندي (Naqshbandi),Male
817,عبد الحافظ (Abdul Hafiz),العثماني (Othmani),Male
818,سناء (Sana),المقدسي (Maqdisi),Female
819,جواد (Jawad),الرشيدي (Rashidi),Male
820,لمياء (Lamia),التلمساني (Tilimsani),Female
821,طارق (Tariq),العثماني (Othmani),Male
822,عبد الله (Abdullah),النجار (Najjar),Male
823,هدى (Huda),الطبراني (Tabarani),Female
824,هناء (Hanaa),العباسي (Abbasi),Female
825,نسرين (Nisreen),المراكشي (Marakshi),Female
826,زينب (Zainab),الأنصاري (Ansari),Female
827,فيصل (Faisal),النجار (Najjar),Male
828,هناء (Hanaa),الجزائري (Jazaeri),Female
829,عزة (Azza),القاسمي (Qasimi),Female
830,عبد الغني (Abdul Ghani),المزروعي (Mazroui),Male
831,نوال (Nawal),التميمي (Tamimi),Female
832,مروان (Marwan),البصري (Basri),Male
833,أماني (Amani),العتيبي (Otaibi),Female
834,سارة (Sarah),الشريف (Sharif),Female
835,هشام (Hisham),البليهي (Blahe),Male
836,عبد المتين (Abdul Mateen),الشامي (Shami),Male
837,مريم (Maryam),الفاسي (Fassi),Female
838,إيهاب (Ehab),الفاسي (Fassi),Male
839,فرح (Farah),البارقي (Barqi),Female
840,ميساء (Maysa),المزروعي (Mazroui),Female
841,مروان (Marwan),القريشي (Qureshi),Male
842,عبد الغني (Abdul Ghani),المكي (Maki),Male
843,معاذ (Muadh),العتيبي (Otaibi),Male
844,قاسم (Qasim),الغزاوي (Ghazzawi),Male
845,ريم (Reem),التلمساني (Tilimsani),Female
846,بتول (Batool),المطيري (Motairy),Female
847,ريم (Reem),التميمي (Tamimi),Female
848,عبد المتين (Abdul Mateen),الزهراني (Zahrani),Male
849,غادة (Ghada),النجار (Najjar),Female
850,فرح (Farah),الزهراني (Zahrani),Female
851,فرح (Farah),المعري (Maarri),Female
852,عبد الحافظ (Abdul Hafiz),الصقلي (Siqilli),Male
853,نجوى (Najwa),النقشبندي (Naqshbandi),Female
854,عائشة (Aisha),الهاشمي (Hashimi),Female
855,ريم (Reem),الحارثي (Harithi),Female
856,سليمان (Suleiman),الطرابلسي (Trabelsi),Male
857,إيمان (Iman),الرفاعي (Rifai),Female
858,منى (Muna),النقشبندي (Naqshbandi),Female
859,بتول (Batool),الغامدي (Ghamdi),Female
860,وحيد (Waheed),الفلاسي (Falasi),Male
861,سارة (Sarah),الغامدي (Ghamdi),Female
862,ريحانة (Rihana),العمراني (Omrani),Female
863,فيصل (Faisal),الهاشمي (Hashimi),Male
864,نسرين (Nisreen),الأشقر (Ashqar),Female
865,لمياء (Lamia),الغزاوي (Ghazzawi),Female
866,عليا (Aliya),اليمني (Yemeni),Female
867,رشيد (Rashid),الغامدي (Ghamdi),Male
868,عبير (Abeer),النجار (Najjar),Female
869,نور (Noor),السعودي (Saoudi),Female
870,ضحى (Doha),البارقي (Barqi),Female
871,أماني (Amani),المراكشي (Marakshi),Female
872,منى (Muna),الماجد (Majid),Female
873,هدى (Huda),الزهراني (Zahrani),Female
874,رامي (Rami),المقرن (Mogren),Male
875,مروان (Marwan),الشاطري (Shatiri),Male
876,إلهام (Elham),العمراني (Omrani),Female
877,ضحى (Doha),الصقلي (Siqilli),Female
878,مراد (Murad),الغزاوي (Ghazzawi),Male
879,أدهم (Adham),الشيباني (Shaibani),Male
880,ابتسام (Ibtisam),البليهي (Blahe),Female
881,راوية (Rawiya),اليمني (Yemeni),Female
882,سيف (Saif),البليهي (Blahe),Male
883,أكرم (Akram),العتيبي (Otaibi),Male
884,فارس (Faris),القحطاني (Qahtani),Male
885,معاذ (Muadh),المقرن (Mogren),Male
886,أديب (Adeeb),الحسيني (Hussaini),Male
887,رامي (Rami),الماجد (Majid),Male
888,رياض (Riyad),الشيباني (Shaibani),Male
889,عبد المتين (Abdul Mateen),الحسيني (Hussaini),Male
890,عائشة (Aisha),العبدلي (Abdali),Female
891,إيهاب (Ehab),الصديقي (Siddiqui),Male
892,منصور (Mansoor),الحسني (Hassani),Male
893,إيمان (Iman),القحطاني (Qahtani),Female
894,ميساء (Maysa),المزني (Mazni),Female
895,ابتسام (Ibtisam),البدري (Badri),Female
896,زكريا (Zakaria),الماجد (Majid),Male
897,عليا (Aliya),السيد (Sayyid),Female
898,نور (Noor),المعري (Maarri),Female
899,لمياء (Lamia),التلمساني (Tilimsani),Female
900,قاسم (Qasim),الفاسي (Fassi),Male
901,سناء (Sana),المصري (Masri),Female
902,بشرى (Bushra),البليهي (Blahe),Female
903,زكريا (Zakaria),الحجيري (Hujairi),Male
904,راوية (Rawiya),القاسمي (Qasimi),Female
905,منصور (Mansoor),القحطاني (Qahtani),Male
906,حكيم (Hakeem),الفاروقي (Farooqi),Male
907,عبير (Abeer),المصري (Masri),Female
908,أكرم (Akram),السيد (Sayyid),Male
909,هاشم (Hashim),الصديقي (Siddiqui),Male
910,غادة (Ghada),الدعجاني (Dajjani),Female
911,ليلى (Layla),البارقي (Barqi),Female
912,رياض (Riyad),العقيل (Aqil),Male
913,ياسمين (Yasmin),البغدادي (Baghdadi),Female
914,قاسم (Qasim),الفاروقي (Farooqi),Male
915,عبد الله (Abdullah),الحجيري (Hujairi),Male
916,سليمان (Suleiman),الخطيب (Khatib),Male
917,هاشم (Hashim),المعري (Maarri),Male
918,عزة (Azza),العباسي (Abbasi),Female
919,إيمان (Iman),التميمي (Tamimi),Female
920,أديب (Adeeb),الشريف (Sharif),Male
921,عائشة (Aisha),المزروعي (Mazroui),Female
922,مها (Maha),السيد (Sayyid),Female
923,إيمان (Iman),الأنصاري (Ansari),Female
924,جميل (Jameel),الحسني (Hassani),Male
925,منى (Muna),النجار (Najjar),Female
926,رامي (Rami),البارقي (Barqi),Male
927,مراد (Murad),المكي (Maki),Male
928,سهيل (Suhail),البليهي (Blahe),Male
929,أدهم (Adham),الدعجاني (Dajjani),Male
930,جميلة (Jamila),الشامي (Shami),Female
931,عائشة (Aisha),الحارثي (Harithi),Female
932,رياض (Riyad),الزهراني (Zahrani),Male
933,ثابت (Thabit),التلمساني (Tilimsani),Male
934,مروان (Marwan),الأشقر (Ashqar),Male
935,عائشة (Aisha),البليهي (Blahe),Female
936,أماني (Amani),القاسمي (Qasimi),Female
937,أكرم (Akram),الهاشمي (Hashimi),Male
938,سارة (Sarah),المقرن (Mogren),Female
939,عبد الودود (Abdul Wadood),المطيري (Motairy),Male
940,مها (Maha),المدني (Madani),Female
941,جميلة (Jamila),الزهراني (Zahrani),Female
942,قاسم (Qasim),الصقلي (Siqilli),Male
943,رامي (Rami),اللبناني (Lebnani),Male
944,منى (Muna),الشريف (Sharif),Female
945,وردة (Warda),الزهراني (Zahrani),Female
946,عائشة (Aisha),الغزاوي (Ghazzawi),Female
947,بشرى (Bushra),الغزاوي (Ghazzawi),Female
948,ليلى (Layla),العباسي (Abbasi),Female
949,جميلة (Jamila),الأشقر (Ashqar),Female
950,نجلاء (Naglaa),الرشيدي (Rashidi),Female
951,نور (Noor),السيد (Sayyid),Female
952,هند (Hind),السيد (Sayyid),Female
953,أمين (Ameen),الدعجاني (Dajjani),Male
954,أسامة (Osama),المزروعي (Mazroui),Male
955,عائشة (Aisha),العقيل (Aqil),Female
956,ليلى (Layla),النقشبندي (Naqshbandi),Female
957,لمياء (Lamia),الصقلي (Siqilli),Female
958,زينب (Zainab),الخطيب (Khatib),Female
959,قاسم (Qasim),اللبناني (Lebnani),Male
960,عزة (Azza),الزهراني (Zahrani),Female
961,زينب (Zainab),الغامدي (Ghamdi),Female
962,ضحى (Doha),القاسمي (Qasimi),Female
963,هشام (Hisham),المزني (Mazni),Male
964,نوال (Nawal),المطيري (Motairy),Female
965,حنان (Hanan),العقبي (Aqbi),Female
966,عائشة (Aisha),الدوسري (Dossary),Female
967,إلهام (Elham),النقشبندي (Naqshbandi),Female
968,مراد (Murad),الفاروقي (Farooqi),Male
969,أماني (Amani),المغربي (Maghribi),Female
970,هاشم (Hashim),السباعي (Sabai),Male
971,زكريا (Zakaria),الحارثي (Harithi),Male
972,فيصل (Faisal),الطائي (Tai),Male
973,عزة (Azza),الطرابلسي (Trabelsi),Female
974,سارة (Sarah),المدني (Madani),Female
975,مراد (Murad),المعري (Maarri),Male
976,ثابت (Thabit),القاسمي (Qasimi),Male
977,مها (Maha),العمراني (Omrani),Female
978,راوية (Rawiya),العقبي (Aqbi),Female
979,جواد (Jawad),الرفاعي (Rifai),Male
980,جميلة (Jamila),الشامي (Shami),Female
981,ميساء (Maysa),السعودي (Saoudi),Female
982,عليا (Aliya),الرشيدي (Rashidi),Female
983,لبنى (Lubna),الشيباني (Shaibani),Female
984,عبد المجيد (Abdul Majeed),الفاروقي (Farooqi),Male
985,بدر (Badr),الحسيني (Hussaini),Male
986,نجوى (Najwa),الخطيب (Khatib),Female
987,قاسم (Qasim),السعودي (Saoudi),Male
988,حنان (Hanan),الجزائري (Jazaeri),Female
989,إيمان (Iman),الجزائري (Jazaeri),Female
990,ريحانة (Rihana),المطيري (Motairy),Female
991,ريم (Reem),المعمر (Muammar),Female
992,ريم (Reem),الهاشمي (Hashimi),Female
993,مها (Maha),الشيباني (Shaibani),Female
994,سلوى (Salwa),النجدي (Najdi),Female
995,سناء (Sana),العقيل (Aqil),Female
996,مروان (Marwan),الشحي (Shahi),Male
997,أمين (Ameen),التميمي (Tamimi),Male
998,سارة (Sarah),الرفاعي (Rifai),Female
999,نور (Noor),القحطاني (Qahtani),Female
1000,منى (Muna),الصقلي (Siqilli),Female
